seed,group,source_uid,true_label,pred_label,correct,prob_benign,prob_sqli,prob_xss,logit_gap
42,attribute_spacing_in_range,window_test_in_range_00,2,2,1,1.5446979806377215e-10,3.4123948111641766e-09,1.0,0.9999999965876052
42,attribute_spacing_in_range,window_test_in_range_01,2,2,1,1.6964413207531948e-10,4.0730316896997465e-09,1.0,0.9999999959269683
42,attribute_spacing_in_range,window_test_in_range_02,2,2,1,1.5446979806377215e-10,3.4123948111641766e-09,1.0,0.9999999965876052
42,attribute_spacing_in_range,window_test_in_range_03,2,2,1,1.3245429753006022e-10,2.8289259823566226e-09,1.0,0.999999997171074
42,attribute_spacing_in_range,window_test_in_range_04,2,2,1,1.539600530398033e-10,3.5938965137205514e-09,1.0,0.9999999964061035
42,attribute_spacing_in_range,window_test_in_range_05,2,2,1,1.5395976160625935e-10,3.5938896303377987e-09,1.0,0.9999999964061104
42,attribute_spacing_in_range,window_test_in_range_06,2,2,1,1.464545151819152e-10,3.453376473672165e-09,1.0,0.9999999965466235
42,attribute_spacing_in_range,window_test_in_range_07,2,2,1,1.7025157672545532e-10,4.718900825650962e-09,1.0,0.9999999952810992
42,attribute_spacing_in_range,window_test_in_range_08,2,2,1,1.847577091318442e-10,5.090537325003197e-09,1.0,0.9999999949094627
42,attribute_spacing_in_range,window_test_in_range_09,2,2,1,1.7792663176141588e-10,4.512237694598298e-09,1.0,0.9999999954877623
42,attribute_spacing_out_of_range,window_test_out_of_range_00,2,2,1,5.051999374394711e-10,3.2004736638668874e-09,1.0,0.9999999967995263
42,attribute_spacing_out_of_range,window_test_out_of_range_01,2,2,1,6.167176769267257e-10,3.9858352174348965e-09,1.0,0.9999999960141648
42,attribute_spacing_out_of_range,window_test_out_of_range_02,2,2,1,5.613854381358863e-10,3.315459462527315e-09,1.0,0.9999999966845405
42,attribute_spacing_out_of_range,window_test_out_of_range_03,2,2,1,4.832969580093049e-10,2.7421558357332287e-09,1.0,0.9999999972578442
42,attribute_spacing_out_of_range,window_test_out_of_range_04,2,2,1,5.549085635436768e-10,3.455175034972058e-09,1.0,0.999999996544825
42,attribute_spacing_out_of_range,window_test_out_of_range_05,2,2,1,5.222258181447614e-10,3.4148950334156325e-09,1.0,0.999999996585105
42,attribute_spacing_out_of_range,window_test_out_of_range_06,2,2,1,5.368457900445378e-10,3.318610053426596e-09,1.0,0.99999999668139
42,attribute_spacing_out_of_range,window_test_out_of_range_07,2,2,1,6.354369808114768e-10,4.559700172990233e-09,1.0,0.9999999954402998
42,attribute_spacing_out_of_range,window_test_out_of_range_08,2,2,1,6.977365907268052e-10,4.9655826117600554e-09,1.0,0.9999999950344174
42,attribute_spacing_out_of_range,window_test_out_of_range_09,2,2,1,6.5996647036215e-10,4.377032514213397e-09,1.0,0.9999999956229675
43,attribute_spacing_in_range,window_test_in_range_00,2,2,1,2.5270441295077717e-10,4.45478653965381e-10,1.0,0.9999999995545213
43,attribute_spacing_in_range,window_test_in_range_01,2,2,1,2.5112503743152104e-10,4.895015504047251e-10,1.0,0.9999999995104984
43,attribute_spacing_in_range,window_test_in_range_02,2,2,1,2.5270441295077717e-10,4.45478653965381e-10,1.0,0.9999999995545213
43,attribute_spacing_in_range,window_test_in_range_03,2,2,1,2.3469612364657166e-10,3.9251762951053593e-10,1.0,0.9999999996074824
43,attribute_spacing_in_range,window_test_in_range_04,2,2,1,2.4297433509623545e-10,4.526061192500208e-10,1.0,0.9999999995473938
43,attribute_spacing_in_range,window_test_in_range_05,2,2,1,2.4297433509623545e-10,4.526061192500208e-10,1.0,0.9999999995473938
43,attribute_spacing_in_range,window_test_in_range_06,2,2,1,2.337378901540177e-10,4.3590264731108164e-10,1.0,0.9999999995640974
43,attribute_spacing_in_range,window_test_in_range_07,2,2,1,2.239913393653481e-10,5.064251795694474e-10,1.0,0.9999999994935749
43,attribute_spacing_in_range,window_test_in_range_08,2,2,1,2.342149529876991e-10,5.396330604590105e-10,1.0,0.999999999460367
43,attribute_spacing_in_range,window_test_in_range_09,2,2,1,2.446913782705451e-10,5.121514323747078e-10,1.0,0.9999999994878486
43,attribute_spacing_out_of_range,window_test_out_of_range_00,2,2,1,1.2971842489051255e-09,4.4423137390836587e-10,1.0,0.9999999987028158
43,attribute_spacing_out_of_range,window_test_out_of_range_01,2,2,1,1.4750249910377988e-09,5.031161043334009e-10,1.0,0.999999998524975
43,attribute_spacing_out_of_range,window_test_out_of_range_02,2,2,1,1.5174647094440274e-09,4.5628301137412564e-10,1.0,0.9999999984825353
43,attribute_spacing_out_of_range,window_test_out_of_range_03,2,2,1,1.4500948219975385e-09,3.971793449686345e-10,1.0,0.9999999985499052
43,attribute_spacing_out_of_range,window_test_out_of_range_04,2,2,1,1.4278500604092415e-09,4.590799684844882e-10,1.0,0.9999999985721499
43,attribute_spacing_out_of_range,window_test_out_of_range_05,2,2,1,1.2832409579388582e-09,4.4755671391172314e-10,1.0,0.999999998716759
43,attribute_spacing_out_of_range,window_test_out_of_range_06,2,2,1,1.4128365144472355e-09,4.43165032448789e-10,1.0,0.9999999985871635
43,attribute_spacing_out_of_range,window_test_out_of_range_07,2,2,1,1.3696919154426723e-09,5.333379848870834e-10,1.0,0.9999999986303081
43,attribute_spacing_out_of_range,window_test_out_of_range_08,2,2,1,1.4475304288552593e-09,5.72233982421011e-10,1.0,0.9999999985524696
43,attribute_spacing_out_of_range,window_test_out_of_range_09,2,2,1,1.4824004246349887e-09,5.366840305498499e-10,1.0,0.9999999985175996
44,attribute_spacing_in_range,window_test_in_range_00,2,2,1,2.415761368723679e-09,4.6536719366940815e-08,1.0,0.9999999534632806
44,attribute_spacing_in_range,window_test_in_range_01,2,2,1,2.107514607274652e-09,4.949142251575722e-08,1.0,0.9999999505085775
44,attribute_spacing_in_range,window_test_in_range_02,2,2,1,2.415761368723679e-09,4.6536719366940815e-08,1.0,0.9999999534632806
44,attribute_spacing_in_range,window_test_in_range_03,2,2,1,2.7543536340601804e-09,4.4591690340212153e-08,1.0,0.9999999554083097
44,attribute_spacing_in_range,window_test_in_range_04,2,2,1,2.284990419099131e-09,4.743312587152104e-08,1.0,0.9999999525668741
44,attribute_spacing_in_range,window_test_in_range_05,2,2,1,2.284990419099131e-09,4.743312587152104e-08,1.0,0.9999999525668741
44,attribute_spacing_in_range,window_test_in_range_06,2,2,1,2.3268513782426226e-09,4.7062293617727846e-08,1.0,0.9999999529377064
44,attribute_spacing_in_range,window_test_in_range_07,2,2,1,1.7836436772000752e-09,5.2150870288869555e-08,1.0,0.9999999478491297
44,attribute_spacing_in_range,window_test_in_range_08,2,2,1,1.7414817365946078e-09,5.3528097510024963e-08,1.0,0.9999999464719025
44,attribute_spacing_in_range,window_test_in_range_09,2,2,1,1.9308605825330005e-09,5.1281276114423235e-08,1.0,0.9999999487187239
44,attribute_spacing_out_of_range,window_test_out_of_range_00,2,2,1,1.3516091357246296e-08,4.9735469076495065e-08,0.9999998807907104,0.9999998310552414
44,attribute_spacing_out_of_range,window_test_out_of_range_01,2,2,1,1.2512482605586683e-08,5.1801407607854344e-08,0.9999998807907104,0.9999998289893028
44,attribute_spacing_out_of_range,window_test_out_of_range_02,2,2,1,1.4679388371519053e-08,5.046610240810878e-08,0.9999998807907104,0.999999830324608
44,attribute_spacing_out_of_range,window_test_out_of_range_03,2,2,1,1.758676404506332e-08,4.909119155627195e-08,0.9999998807907104,0.9999998316995189
44,attribute_spacing_out_of_range,window_test_out_of_range_04,2,2,1,1.3613424165725974e-08,5.070364395010074e-08,0.9999998807907104,0.9999998300870665
44,attribute_spacing_out_of_range,window_test_out_of_range_05,2,2,1,1.228205981362862e-08,5.0172129562042755e-08,0.9999998807907104,0.9999998306185809
44,attribute_spacing_out_of_range,window_test_out_of_range_06,2,2,1,1.4315511442930529e-08,5.0127077599881886e-08,0.9999998807907104,0.9999998306636328
44,attribute_spacing_out_of_range,window_test_out_of_range_07,2,2,1,1.0665609728732761e-08,5.327132157617598e-08,0.9999998807907104,0.9999998275193889
44,attribute_spacing_out_of_range,window_test_out_of_range_08,2,2,1,1.0227732438750081e-08,5.4691593476263733e-08,0.9999998807907104,0.999999826099117
44,attribute_spacing_out_of_range,window_test_out_of_range_09,2,2,1,1.1489570184153308e-08,5.3231911323337044e-08,0.9999998807907104,0.9999998275587991
45,attribute_spacing_in_range,window_test_in_range_00,2,2,1,8.929407777427678e-15,5.1005156180431235e-14,1.0,0.999999999999949
45,attribute_spacing_in_range,window_test_in_range_01,2,2,1,8.736278336223067e-15,5.41680991782232e-14,1.0,0.9999999999999458
45,attribute_spacing_in_range,window_test_in_range_02,2,2,1,8.929407777427678e-15,5.1005156180431235e-14,1.0,0.999999999999949
45,attribute_spacing_in_range,window_test_in_range_03,2,2,1,8.025212811727921e-15,4.343365063766945e-14,1.0,0.9999999999999566
45,attribute_spacing_in_range,window_test_in_range_04,2,2,1,8.078935029374578e-15,4.9127863506904373e-14,1.0,0.9999999999999508
45,attribute_spacing_in_range,window_test_in_range_05,2,2,1,8.078935029374578e-15,4.9127863506904373e-14,1.0,0.9999999999999508
45,attribute_spacing_in_range,window_test_in_range_06,2,2,1,7.46461421998303e-15,4.604399950506807e-14,1.0,0.9999999999999539
45,attribute_spacing_in_range,window_test_in_range_07,2,2,1,6.861788918235143e-15,4.9088429041012e-14,1.0,0.9999999999999509
45,attribute_spacing_in_range,window_test_in_range_08,2,2,1,8.06470995805839e-15,5.611808760741521e-14,1.0,0.9999999999999439
45,attribute_spacing_in_range,window_test_in_range_09,2,2,1,8.484725644514537e-15,5.5358709017674576e-14,1.0,0.9999999999999446
45,attribute_spacing_out_of_range,window_test_out_of_range_00,2,2,1,5.117647028807931e-14,4.5237563152909777e-14,1.0,0.9999999999999488
45,attribute_spacing_out_of_range,window_test_out_of_range_01,2,2,1,5.632956124115851e-14,5.348945638088305e-14,1.0,0.9999999999999437
45,attribute_spacing_out_of_range,window_test_out_of_range_02,2,2,1,6.100386173860453e-14,5.214961627678441e-14,1.0,0.999999999999939
45,attribute_spacing_out_of_range,window_test_out_of_range_03,2,2,1,5.681750642888561e-14,4.5506878972555176e-14,1.0,0.9999999999999432
45,attribute_spacing_out_of_range,window_test_out_of_range_04,2,2,1,5.376798791899458e-14,4.914613908977433e-14,1.0,0.9999999999999463
45,attribute_spacing_out_of_range,window_test_out_of_range_05,2,2,1,4.183439483501292e-14,4.608502978103307e-14,1.0,0.9999999999999539
45,attribute_spacing_out_of_range,window_test_out_of_range_06,2,2,1,5.170452079179301e-14,4.716612164853626e-14,1.0,0.9999999999999483
45,attribute_spacing_out_of_range,window_test_out_of_range_07,2,2,1,4.51229494307509e-14,4.842435859849642e-14,1.0,0.9999999999999516
45,attribute_spacing_out_of_range,window_test_out_of_range_08,2,2,1,5.136226865912544e-14,5.4657541920201044e-14,1.0,0.9999999999999454
45,attribute_spacing_out_of_range,window_test_out_of_range_09,2,2,1,5.498524202683479e-14,5.4333036821844344e-14,1.0,0.999999999999945
46,attribute_spacing_in_range,window_test_in_range_00,2,2,1,8.546436706342782e-17,1.472429559464146e-14,1.0,0.9999999999999852
46,attribute_spacing_in_range,window_test_in_range_01,2,2,1,9.223996227952728e-17,1.791945803168108e-14,1.0,0.9999999999999821
46,attribute_spacing_in_range,window_test_in_range_02,2,2,1,8.546436706342782e-17,1.472429559464146e-14,1.0,0.9999999999999852
46,attribute_spacing_in_range,window_test_in_range_03,2,2,1,6.974041139006852e-17,1.0852667234936136e-14,1.0,0.9999999999999891
46,attribute_spacing_in_range,window_test_in_range_04,2,2,1,8.282763290796399e-17,1.499484469425806e-14,1.0,0.999999999999985
46,attribute_spacing_in_range,window_test_in_range_05,2,2,1,8.282763290796399e-17,1.499484469425806e-14,1.0,0.999999999999985
46,attribute_spacing_in_range,window_test_in_range_06,2,2,1,7.642762401207791e-17,1.366095838474567e-14,1.0,0.9999999999999863
46,attribute_spacing_in_range,window_test_in_range_07,2,2,1,8.376978500821699e-17,1.865896522847913e-14,1.0,0.9999999999999813
46,attribute_spacing_in_range,window_test_in_range_08,2,2,1,9.400578112909118e-17,2.163850357033391e-14,1.0,0.9999999999999784
46,attribute_spacing_in_range,window_test_in_range_09,2,2,1,9.350043994927029e-17,1.9608284180377966e-14,1.0,0.9999999999999803
46,attribute_spacing_out_of_range,window_test_out_of_range_00,2,2,1,4.201924251745487e-16,4.0043109886950257e-14,1.0,0.9999999999999599
46,attribute_spacing_out_of_range,window_test_out_of_range_01,2,2,1,4.370459985447451e-16,4.842094336165309e-14,1.0,0.9999999999999516
46,attribute_spacing_out_of_range,window_test_out_of_range_02,2,2,1,4.3405200177399717e-16,4.060765395816346e-14,1.0,0.9999999999999594
46,attribute_spacing_out_of_range,window_test_out_of_range_03,2,2,1,4.1578684799720145e-16,3.2490926859781236e-14,1.0,0.9999999999999675
46,attribute_spacing_out_of_range,window_test_out_of_range_04,2,2,1,3.9899283163110884e-16,3.936429429488887e-14,1.0,0.9999999999999606
46,attribute_spacing_out_of_range,window_test_out_of_range_05,2,2,1,3.3154097753306834e-16,3.5085263416344964e-14,1.0,0.9999999999999649
46,attribute_spacing_out_of_range,window_test_out_of_range_06,2,2,1,4.1827331321386645e-16,3.914477046001487e-14,1.0,0.9999999999999608
46,attribute_spacing_out_of_range,window_test_out_of_range_07,2,2,1,4.2771079549349625e-16,5.248049445103625e-14,1.0,0.9999999999999475
46,attribute_spacing_out_of_range,window_test_out_of_range_08,2,2,1,4.505359246720559e-16,5.974696648883282e-14,1.0,0.9999999999999403
46,attribute_spacing_out_of_range,window_test_out_of_range_09,2,2,1,4.451748943302058e-16,5.363391276783959e-14,1.0,0.9999999999999464
