model,seed,cond,dataset,cell,n_correct,n_total,cs_margin
hgt,42,real,matrix,Benign/field_query,10,10,
hgt,42,real,matrix,Benign/header_field,10,10,
hgt,42,real,matrix,Benign/json_field,10,10,
hgt,42,real,matrix,SQLi/sql_new_commands,10,10,
hgt,42,real,matrix,SQLi/comment_splitting,10,10,0.30941516160964966
hgt,42,real,matrix,SQLi/case_mixing,10,10,
hgt,42,real,matrix,XSS/data_uri_base64,10,10,
hgt,42,real,matrix,XSS/event_handler_focus,10,10,
hgt,42,real,matrix,XSS/svg_script_variant,10,10,
hgt,42,real,test_split,all,4215,4215,
hgt,42,all_seq,matrix,Benign/field_query,0,10,
hgt,42,all_seq,matrix,Benign/header_field,10,10,
hgt,42,all_seq,matrix,Benign/json_field,10,10,
hgt,42,all_seq,matrix,SQLi/sql_new_commands,0,10,
hgt,42,all_seq,matrix,SQLi/comment_splitting,0,10,-2.7849326133728027
hgt,42,all_seq,matrix,SQLi/case_mixing,0,10,
hgt,42,all_seq,matrix,XSS/data_uri_base64,10,10,
hgt,42,all_seq,matrix,XSS/event_handler_focus,10,10,
hgt,42,all_seq,matrix,XSS/svg_script_variant,10,10,
hgt,42,all_seq,test_split,all,2251,4215,
hgt,42,all_skip,matrix,Benign/field_query,10,10,
hgt,42,all_skip,matrix,Benign/header_field,0,10,
hgt,42,all_skip,matrix,Benign/json_field,0,10,
hgt,42,all_skip,matrix,SQLi/sql_new_commands,0,10,
hgt,42,all_skip,matrix,SQLi/comment_splitting,0,10,-4.835860729217529
hgt,42,all_skip,matrix,SQLi/case_mixing,0,10,
hgt,42,all_skip,matrix,XSS/data_uri_base64,10,10,
hgt,42,all_skip,matrix,XSS/event_handler_focus,10,10,
hgt,42,all_skip,matrix,XSS/svg_script_variant,10,10,
hgt,42,all_skip,test_split,all,3163,4215,
hgt,42,all_sem,matrix,Benign/field_query,0,10,
hgt,42,all_sem,matrix,Benign/header_field,0,10,
hgt,42,all_sem,matrix,Benign/json_field,0,10,
hgt,42,all_sem,matrix,SQLi/sql_new_commands,10,10,
hgt,42,all_sem,matrix,SQLi/comment_splitting,10,10,10.280936241149902
hgt,42,all_sem,matrix,SQLi/case_mixing,10,10,
hgt,42,all_sem,matrix,XSS/data_uri_base64,0,10,
hgt,42,all_sem,matrix,XSS/event_handler_focus,0,10,
hgt,42,all_sem,matrix,XSS/svg_script_variant,0,10,
hgt,42,all_sem,test_split,all,1214,4215,
hgt,42,cyclic,matrix,Benign/field_query,0,10,
hgt,42,cyclic,matrix,Benign/header_field,0,10,
hgt,42,cyclic,matrix,Benign/json_field,0,10,
hgt,42,cyclic,matrix,SQLi/sql_new_commands,10,10,
hgt,42,cyclic,matrix,SQLi/comment_splitting,10,10,0.3830036222934723
hgt,42,cyclic,matrix,SQLi/case_mixing,10,10,
hgt,42,cyclic,matrix,XSS/data_uri_base64,10,10,
hgt,42,cyclic,matrix,XSS/event_handler_focus,10,10,
hgt,42,cyclic,matrix,XSS/svg_script_variant,10,10,
hgt,42,cyclic,test_split,all,2655,4215,
hgt,42,swap_seq_skip,matrix,Benign/field_query,10,10,
hgt,42,swap_seq_skip,matrix,Benign/header_field,10,10,
hgt,42,swap_seq_skip,matrix,Benign/json_field,10,10,
hgt,42,swap_seq_skip,matrix,SQLi/sql_new_commands,10,10,
hgt,42,swap_seq_skip,matrix,SQLi/comment_splitting,10,10,3.334207534790039
hgt,42,swap_seq_skip,matrix,SQLi/case_mixing,10,10,
hgt,42,swap_seq_skip,matrix,XSS/data_uri_base64,10,10,
hgt,42,swap_seq_skip,matrix,XSS/event_handler_focus,10,10,
hgt,42,swap_seq_skip,matrix,XSS/svg_script_variant,10,10,
hgt,42,swap_seq_skip,test_split,all,4214,4215,
hgt,42,sem_as_seq,matrix,Benign/field_query,10,10,
hgt,42,sem_as_seq,matrix,Benign/header_field,10,10,
hgt,42,sem_as_seq,matrix,Benign/json_field,10,10,
hgt,42,sem_as_seq,matrix,SQLi/sql_new_commands,10,10,
hgt,42,sem_as_seq,matrix,SQLi/comment_splitting,0,10,-3.569823741912842
hgt,42,sem_as_seq,matrix,SQLi/case_mixing,0,10,
hgt,42,sem_as_seq,matrix,XSS/data_uri_base64,10,10,
hgt,42,sem_as_seq,matrix,XSS/event_handler_focus,10,10,
hgt,42,sem_as_seq,matrix,XSS/svg_script_variant,10,10,
hgt,42,sem_as_seq,test_split,all,4214,4215,
hgt,42,sem_as_skip,matrix,Benign/field_query,10,10,
hgt,42,sem_as_skip,matrix,Benign/header_field,10,10,
hgt,42,sem_as_skip,matrix,Benign/json_field,10,10,
hgt,42,sem_as_skip,matrix,SQLi/sql_new_commands,10,10,
hgt,42,sem_as_skip,matrix,SQLi/comment_splitting,0,10,-3.7763924598693848
hgt,42,sem_as_skip,matrix,SQLi/case_mixing,0,10,
hgt,42,sem_as_skip,matrix,XSS/data_uri_base64,10,10,
hgt,42,sem_as_skip,matrix,XSS/event_handler_focus,10,10,
hgt,42,sem_as_skip,matrix,XSS/svg_script_variant,10,10,
hgt,42,sem_as_skip,test_split,all,4213,4215,
hgt,42,random,matrix,Benign/field_query,0,10,
hgt,42,random,matrix,Benign/header_field,0,10,
hgt,42,random,matrix,Benign/json_field,0,10,
hgt,42,random,matrix,SQLi/sql_new_commands,10,10,
hgt,42,random,matrix,SQLi/comment_splitting,10,10,2.4619054794311523
hgt,42,random,matrix,SQLi/case_mixing,10,10,
hgt,42,random,matrix,XSS/data_uri_base64,0,10,
hgt,42,random,matrix,XSS/event_handler_focus,10,10,
hgt,42,random,matrix,XSS/svg_script_variant,10,10,
hgt,42,random,test_split,all,2661,4215,
hgt,42,drop_sem,matrix,Benign/field_query,10,10,
hgt,42,drop_sem,matrix,Benign/header_field,10,10,
hgt,42,drop_sem,matrix,Benign/json_field,10,10,
hgt,42,drop_sem,matrix,SQLi/sql_new_commands,10,10,
hgt,42,drop_sem,matrix,SQLi/comment_splitting,0,10,-3.5061142444610596
hgt,42,drop_sem,matrix,SQLi/case_mixing,0,10,
hgt,42,drop_sem,matrix,XSS/data_uri_base64,10,10,
hgt,42,drop_sem,matrix,XSS/event_handler_focus,10,10,
hgt,42,drop_sem,matrix,XSS/svg_script_variant,10,10,
hgt,42,drop_sem,test_split,all,4214,4215,
hgt,42,drop_skip,matrix,Benign/field_query,0,10,
hgt,42,drop_skip,matrix,Benign/header_field,0,10,
hgt,42,drop_skip,matrix,Benign/json_field,10,10,
hgt,42,drop_skip,matrix,SQLi/sql_new_commands,0,10,
hgt,42,drop_skip,matrix,SQLi/comment_splitting,0,10,-11.124619483947754
hgt,42,drop_skip,matrix,SQLi/case_mixing,0,10,
hgt,42,drop_skip,matrix,XSS/data_uri_base64,10,10,
hgt,42,drop_skip,matrix,XSS/event_handler_focus,10,10,
hgt,42,drop_skip,matrix,XSS/svg_script_variant,10,10,
hgt,42,drop_skip,test_split,all,2257,4215,
hgt,42,drop_seq,matrix,Benign/field_query,10,10,
hgt,42,drop_seq,matrix,Benign/header_field,0,10,
hgt,42,drop_seq,matrix,Benign/json_field,0,10,
hgt,42,drop_seq,matrix,SQLi/sql_new_commands,0,10,
hgt,42,drop_seq,matrix,SQLi/comment_splitting,0,10,-0.6633451581001282
hgt,42,drop_seq,matrix,SQLi/case_mixing,10,10,
hgt,42,drop_seq,matrix,XSS/data_uri_base64,10,10,
hgt,42,drop_seq,matrix,XSS/event_handler_focus,10,10,
hgt,42,drop_seq,matrix,XSS/svg_script_variant,10,10,
hgt,42,drop_seq,test_split,all,2662,4215,
hgt,43,real,matrix,Benign/field_query,10,10,
hgt,43,real,matrix,Benign/header_field,10,10,
hgt,43,real,matrix,Benign/json_field,10,10,
hgt,43,real,matrix,SQLi/sql_new_commands,10,10,
hgt,43,real,matrix,SQLi/comment_splitting,10,10,7.558915138244629
hgt,43,real,matrix,SQLi/case_mixing,10,10,
hgt,43,real,matrix,XSS/data_uri_base64,10,10,
hgt,43,real,matrix,XSS/event_handler_focus,10,10,
hgt,43,real,matrix,XSS/svg_script_variant,10,10,
hgt,43,real,test_split,all,4214,4215,
hgt,43,all_seq,matrix,Benign/field_query,0,10,
hgt,43,all_seq,matrix,Benign/header_field,10,10,
hgt,43,all_seq,matrix,Benign/json_field,10,10,
hgt,43,all_seq,matrix,SQLi/sql_new_commands,0,10,
hgt,43,all_seq,matrix,SQLi/comment_splitting,0,10,-4.205001354217529
hgt,43,all_seq,matrix,SQLi/case_mixing,0,10,
hgt,43,all_seq,matrix,XSS/data_uri_base64,10,10,
hgt,43,all_seq,matrix,XSS/event_handler_focus,10,10,
hgt,43,all_seq,matrix,XSS/svg_script_variant,10,10,
hgt,43,all_seq,test_split,all,2250,4215,
hgt,43,all_skip,matrix,Benign/field_query,0,10,
hgt,43,all_skip,matrix,Benign/header_field,0,10,
hgt,43,all_skip,matrix,Benign/json_field,0,10,
hgt,43,all_skip,matrix,SQLi/sql_new_commands,10,10,
hgt,43,all_skip,matrix,SQLi/comment_splitting,10,10,12.952680587768555
hgt,43,all_skip,matrix,SQLi/case_mixing,10,10,
hgt,43,all_skip,matrix,XSS/data_uri_base64,10,10,
hgt,43,all_skip,matrix,XSS/event_handler_focus,0,10,
hgt,43,all_skip,matrix,XSS/svg_script_variant,10,10,
hgt,43,all_skip,test_split,all,2472,4215,
hgt,43,all_sem,matrix,Benign/field_query,0,10,
hgt,43,all_sem,matrix,Benign/header_field,0,10,
hgt,43,all_sem,matrix,Benign/json_field,0,10,
hgt,43,all_sem,matrix,SQLi/sql_new_commands,10,10,
hgt,43,all_sem,matrix,SQLi/comment_splitting,10,10,46.37487030029297
hgt,43,all_sem,matrix,SQLi/case_mixing,10,10,
hgt,43,all_sem,matrix,XSS/data_uri_base64,0,10,
hgt,43,all_sem,matrix,XSS/event_handler_focus,0,10,
hgt,43,all_sem,matrix,XSS/svg_script_variant,0,10,
hgt,43,all_sem,test_split,all,1214,4215,
hgt,43,cyclic,matrix,Benign/field_query,0,10,
hgt,43,cyclic,matrix,Benign/header_field,0,10,
hgt,43,cyclic,matrix,Benign/json_field,0,10,
hgt,43,cyclic,matrix,SQLi/sql_new_commands,10,10,
hgt,43,cyclic,matrix,SQLi/comment_splitting,10,10,27.09408187866211
hgt,43,cyclic,matrix,SQLi/case_mixing,10,10,
hgt,43,cyclic,matrix,XSS/data_uri_base64,0,10,
hgt,43,cyclic,matrix,XSS/event_handler_focus,0,10,
hgt,43,cyclic,matrix,XSS/svg_script_variant,0,10,
hgt,43,cyclic,test_split,all,1214,4215,
hgt,43,swap_seq_skip,matrix,Benign/field_query,10,10,
hgt,43,swap_seq_skip,matrix,Benign/header_field,10,10,
hgt,43,swap_seq_skip,matrix,Benign/json_field,10,10,
hgt,43,swap_seq_skip,matrix,SQLi/sql_new_commands,10,10,
hgt,43,swap_seq_skip,matrix,SQLi/comment_splitting,10,10,13.813692092895508
hgt,43,swap_seq_skip,matrix,SQLi/case_mixing,10,10,
hgt,43,swap_seq_skip,matrix,XSS/data_uri_base64,10,10,
hgt,43,swap_seq_skip,matrix,XSS/event_handler_focus,10,10,
hgt,43,swap_seq_skip,matrix,XSS/svg_script_variant,10,10,
hgt,43,swap_seq_skip,test_split,all,3149,4215,
hgt,43,sem_as_seq,matrix,Benign/field_query,10,10,
hgt,43,sem_as_seq,matrix,Benign/header_field,10,10,
hgt,43,sem_as_seq,matrix,Benign/json_field,10,10,
hgt,43,sem_as_seq,matrix,SQLi/sql_new_commands,10,10,
hgt,43,sem_as_seq,matrix,SQLi/comment_splitting,0,10,-1.4070897102355957
hgt,43,sem_as_seq,matrix,SQLi/case_mixing,0,10,
hgt,43,sem_as_seq,matrix,XSS/data_uri_base64,10,10,
hgt,43,sem_as_seq,matrix,XSS/event_handler_focus,10,10,
hgt,43,sem_as_seq,matrix,XSS/svg_script_variant,10,10,
hgt,43,sem_as_seq,test_split,all,4204,4215,
hgt,43,sem_as_skip,matrix,Benign/field_query,10,10,
hgt,43,sem_as_skip,matrix,Benign/header_field,10,10,
hgt,43,sem_as_skip,matrix,Benign/json_field,10,10,
hgt,43,sem_as_skip,matrix,SQLi/sql_new_commands,10,10,
hgt,43,sem_as_skip,matrix,SQLi/comment_splitting,0,10,-0.8207079172134399
hgt,43,sem_as_skip,matrix,SQLi/case_mixing,10,10,
hgt,43,sem_as_skip,matrix,XSS/data_uri_base64,10,10,
hgt,43,sem_as_skip,matrix,XSS/event_handler_focus,10,10,
hgt,43,sem_as_skip,matrix,XSS/svg_script_variant,10,10,
hgt,43,sem_as_skip,test_split,all,4204,4215,
hgt,43,random,matrix,Benign/field_query,0,10,
hgt,43,random,matrix,Benign/header_field,0,10,
hgt,43,random,matrix,Benign/json_field,0,10,
hgt,43,random,matrix,SQLi/sql_new_commands,10,10,
hgt,43,random,matrix,SQLi/comment_splitting,10,10,24.586441040039062
hgt,43,random,matrix,SQLi/case_mixing,10,10,
hgt,43,random,matrix,XSS/data_uri_base64,0,10,
hgt,43,random,matrix,XSS/event_handler_focus,0,10,
hgt,43,random,matrix,XSS/svg_script_variant,0,10,
hgt,43,random,test_split,all,1216,4215,
hgt,43,drop_sem,matrix,Benign/field_query,10,10,
hgt,43,drop_sem,matrix,Benign/header_field,10,10,
hgt,43,drop_sem,matrix,Benign/json_field,10,10,
hgt,43,drop_sem,matrix,SQLi/sql_new_commands,10,10,
hgt,43,drop_sem,matrix,SQLi/comment_splitting,0,10,-0.5802151560783386
hgt,43,drop_sem,matrix,SQLi/case_mixing,10,10,
hgt,43,drop_sem,matrix,XSS/data_uri_base64,10,10,
hgt,43,drop_sem,matrix,XSS/event_handler_focus,10,10,
hgt,43,drop_sem,matrix,XSS/svg_script_variant,10,10,
hgt,43,drop_sem,test_split,all,4204,4215,
hgt,43,drop_skip,matrix,Benign/field_query,0,10,
hgt,43,drop_skip,matrix,Benign/header_field,10,10,
hgt,43,drop_skip,matrix,Benign/json_field,10,10,
hgt,43,drop_skip,matrix,SQLi/sql_new_commands,0,10,
hgt,43,drop_skip,matrix,SQLi/comment_splitting,0,10,-7.3049750328063965
hgt,43,drop_skip,matrix,SQLi/case_mixing,0,10,
hgt,43,drop_skip,matrix,XSS/data_uri_base64,10,10,
hgt,43,drop_skip,matrix,XSS/event_handler_focus,10,10,
hgt,43,drop_skip,matrix,XSS/svg_script_variant,10,10,
hgt,43,drop_skip,test_split,all,2264,4215,
hgt,43,drop_seq,matrix,Benign/field_query,0,10,
hgt,43,drop_seq,matrix,Benign/header_field,0,10,
hgt,43,drop_seq,matrix,Benign/json_field,0,10,
hgt,43,drop_seq,matrix,SQLi/sql_new_commands,10,10,
hgt,43,drop_seq,matrix,SQLi/comment_splitting,10,10,27.096939086914062
hgt,43,drop_seq,matrix,SQLi/case_mixing,10,10,
hgt,43,drop_seq,matrix,XSS/data_uri_base64,10,10,
hgt,43,drop_seq,matrix,XSS/event_handler_focus,0,10,
hgt,43,drop_seq,matrix,XSS/svg_script_variant,10,10,
hgt,43,drop_seq,test_split,all,2574,4215,
hgt,44,real,matrix,Benign/field_query,10,10,
hgt,44,real,matrix,Benign/header_field,10,10,
hgt,44,real,matrix,Benign/json_field,10,10,
hgt,44,real,matrix,SQLi/sql_new_commands,10,10,
hgt,44,real,matrix,SQLi/comment_splitting,10,10,2.224539041519165
hgt,44,real,matrix,SQLi/case_mixing,10,10,
hgt,44,real,matrix,XSS/data_uri_base64,10,10,
hgt,44,real,matrix,XSS/event_handler_focus,10,10,
hgt,44,real,matrix,XSS/svg_script_variant,10,10,
hgt,44,real,test_split,all,4215,4215,
hgt,44,all_seq,matrix,Benign/field_query,0,10,
hgt,44,all_seq,matrix,Benign/header_field,0,10,
hgt,44,all_seq,matrix,Benign/json_field,0,10,
hgt,44,all_seq,matrix,SQLi/sql_new_commands,10,10,
hgt,44,all_seq,matrix,SQLi/comment_splitting,10,10,2.5096640586853027
hgt,44,all_seq,matrix,SQLi/case_mixing,10,10,
hgt,44,all_seq,matrix,XSS/data_uri_base64,10,10,
hgt,44,all_seq,matrix,XSS/event_handler_focus,10,10,
hgt,44,all_seq,matrix,XSS/svg_script_variant,10,10,
hgt,44,all_seq,test_split,all,2257,4215,
hgt,44,all_skip,matrix,Benign/field_query,10,10,
hgt,44,all_skip,matrix,Benign/header_field,10,10,
hgt,44,all_skip,matrix,Benign/json_field,10,10,
hgt,44,all_skip,matrix,SQLi/sql_new_commands,0,10,
hgt,44,all_skip,matrix,SQLi/comment_splitting,0,10,-7.538018226623535
hgt,44,all_skip,matrix,SQLi/case_mixing,0,10,
hgt,44,all_skip,matrix,XSS/data_uri_base64,10,10,
hgt,44,all_skip,matrix,XSS/event_handler_focus,10,10,
hgt,44,all_skip,matrix,XSS/svg_script_variant,10,10,
hgt,44,all_skip,test_split,all,3391,4215,
hgt,44,all_sem,matrix,Benign/field_query,0,10,
hgt,44,all_sem,matrix,Benign/header_field,0,10,
hgt,44,all_sem,matrix,Benign/json_field,0,10,
hgt,44,all_sem,matrix,SQLi/sql_new_commands,10,10,
hgt,44,all_sem,matrix,SQLi/comment_splitting,10,10,12.487531661987305
hgt,44,all_sem,matrix,SQLi/case_mixing,10,10,
hgt,44,all_sem,matrix,XSS/data_uri_base64,0,10,
hgt,44,all_sem,matrix,XSS/event_handler_focus,0,10,
hgt,44,all_sem,matrix,XSS/svg_script_variant,0,10,
hgt,44,all_sem,test_split,all,1214,4215,
hgt,44,cyclic,matrix,Benign/field_query,0,10,
hgt,44,cyclic,matrix,Benign/header_field,0,10,
hgt,44,cyclic,matrix,Benign/json_field,0,10,
hgt,44,cyclic,matrix,SQLi/sql_new_commands,10,10,
hgt,44,cyclic,matrix,SQLi/comment_splitting,10,10,6.645390510559082
hgt,44,cyclic,matrix,SQLi/case_mixing,10,10,
hgt,44,cyclic,matrix,XSS/data_uri_base64,0,10,
hgt,44,cyclic,matrix,XSS/event_handler_focus,0,10,
hgt,44,cyclic,matrix,XSS/svg_script_variant,0,10,
hgt,44,cyclic,test_split,all,1216,4215,
hgt,44,swap_seq_skip,matrix,Benign/field_query,10,10,
hgt,44,swap_seq_skip,matrix,Benign/header_field,10,10,
hgt,44,swap_seq_skip,matrix,Benign/json_field,10,10,
hgt,44,swap_seq_skip,matrix,SQLi/sql_new_commands,10,10,
hgt,44,swap_seq_skip,matrix,SQLi/comment_splitting,10,10,5.354617595672607
hgt,44,swap_seq_skip,matrix,SQLi/case_mixing,10,10,
hgt,44,swap_seq_skip,matrix,XSS/data_uri_base64,10,10,
hgt,44,swap_seq_skip,matrix,XSS/event_handler_focus,10,10,
hgt,44,swap_seq_skip,matrix,XSS/svg_script_variant,10,10,
hgt,44,swap_seq_skip,test_split,all,4209,4215,
hgt,44,sem_as_seq,matrix,Benign/field_query,10,10,
hgt,44,sem_as_seq,matrix,Benign/header_field,10,10,
hgt,44,sem_as_seq,matrix,Benign/json_field,10,10,
hgt,44,sem_as_seq,matrix,SQLi/sql_new_commands,10,10,
hgt,44,sem_as_seq,matrix,SQLi/comment_splitting,0,10,-2.685110092163086
hgt,44,sem_as_seq,matrix,SQLi/case_mixing,0,10,
hgt,44,sem_as_seq,matrix,XSS/data_uri_base64,10,10,
hgt,44,sem_as_seq,matrix,XSS/event_handler_focus,10,10,
hgt,44,sem_as_seq,matrix,XSS/svg_script_variant,10,10,
hgt,44,sem_as_seq,test_split,all,4209,4215,
hgt,44,sem_as_skip,matrix,Benign/field_query,10,10,
hgt,44,sem_as_skip,matrix,Benign/header_field,10,10,
hgt,44,sem_as_skip,matrix,Benign/json_field,10,10,
hgt,44,sem_as_skip,matrix,SQLi/sql_new_commands,10,10,
hgt,44,sem_as_skip,matrix,SQLi/comment_splitting,0,10,-3.4291675090789795
hgt,44,sem_as_skip,matrix,SQLi/case_mixing,0,10,
hgt,44,sem_as_skip,matrix,XSS/data_uri_base64,10,10,
hgt,44,sem_as_skip,matrix,XSS/event_handler_focus,10,10,
hgt,44,sem_as_skip,matrix,XSS/svg_script_variant,10,10,
hgt,44,sem_as_skip,test_split,all,4209,4215,
hgt,44,random,matrix,Benign/field_query,0,10,
hgt,44,random,matrix,Benign/header_field,0,10,
hgt,44,random,matrix,Benign/json_field,0,10,
hgt,44,random,matrix,SQLi/sql_new_commands,10,10,
hgt,44,random,matrix,SQLi/comment_splitting,10,10,5.381977081298828
hgt,44,random,matrix,SQLi/case_mixing,10,10,
hgt,44,random,matrix,XSS/data_uri_base64,10,10,
hgt,44,random,matrix,XSS/event_handler_focus,10,10,
hgt,44,random,matrix,XSS/svg_script_variant,10,10,
hgt,44,random,test_split,all,2623,4215,
hgt,44,drop_sem,matrix,Benign/field_query,10,10,
hgt,44,drop_sem,matrix,Benign/header_field,10,10,
hgt,44,drop_sem,matrix,Benign/json_field,10,10,
hgt,44,drop_sem,matrix,SQLi/sql_new_commands,10,10,
hgt,44,drop_sem,matrix,SQLi/comment_splitting,0,10,-2.787198543548584
hgt,44,drop_sem,matrix,SQLi/case_mixing,0,10,
hgt,44,drop_sem,matrix,XSS/data_uri_base64,10,10,
hgt,44,drop_sem,matrix,XSS/event_handler_focus,10,10,
hgt,44,drop_sem,matrix,XSS/svg_script_variant,10,10,
hgt,44,drop_sem,test_split,all,4209,4215,
hgt,44,drop_skip,matrix,Benign/field_query,0,10,
hgt,44,drop_skip,matrix,Benign/header_field,0,10,
hgt,44,drop_skip,matrix,Benign/json_field,0,10,
hgt,44,drop_skip,matrix,SQLi/sql_new_commands,0,10,
hgt,44,drop_skip,matrix,SQLi/comment_splitting,10,10,0.7159126400947571
hgt,44,drop_skip,matrix,SQLi/case_mixing,10,10,
hgt,44,drop_skip,matrix,XSS/data_uri_base64,10,10,
hgt,44,drop_skip,matrix,XSS/event_handler_focus,10,10,
hgt,44,drop_skip,matrix,XSS/svg_script_variant,10,10,
hgt,44,drop_skip,test_split,all,2265,4215,
hgt,44,drop_seq,matrix,Benign/field_query,10,10,
hgt,44,drop_seq,matrix,Benign/header_field,10,10,
hgt,44,drop_seq,matrix,Benign/json_field,10,10,
hgt,44,drop_seq,matrix,SQLi/sql_new_commands,0,10,
hgt,44,drop_seq,matrix,SQLi/comment_splitting,10,10,1.5980474948883057
hgt,44,drop_seq,matrix,SQLi/case_mixing,10,10,
hgt,44,drop_seq,matrix,XSS/data_uri_base64,0,10,
hgt,44,drop_seq,matrix,XSS/event_handler_focus,10,10,
hgt,44,drop_seq,matrix,XSS/svg_script_variant,10,10,
hgt,44,drop_seq,test_split,all,4210,4215,
hgt,45,real,matrix,Benign/field_query,10,10,
hgt,45,real,matrix,Benign/header_field,10,10,
hgt,45,real,matrix,Benign/json_field,10,10,
hgt,45,real,matrix,SQLi/sql_new_commands,10,10,
hgt,45,real,matrix,SQLi/comment_splitting,10,10,5.666533470153809
hgt,45,real,matrix,SQLi/case_mixing,10,10,
hgt,45,real,matrix,XSS/data_uri_base64,10,10,
hgt,45,real,matrix,XSS/event_handler_focus,10,10,
hgt,45,real,matrix,XSS/svg_script_variant,10,10,
hgt,45,real,test_split,all,4214,4215,
hgt,45,all_seq,matrix,Benign/field_query,0,10,
hgt,45,all_seq,matrix,Benign/header_field,0,10,
hgt,45,all_seq,matrix,Benign/json_field,10,10,
hgt,45,all_seq,matrix,SQLi/sql_new_commands,0,10,
hgt,45,all_seq,matrix,SQLi/comment_splitting,0,10,-8.535174369812012
hgt,45,all_seq,matrix,SQLi/case_mixing,0,10,
hgt,45,all_seq,matrix,XSS/data_uri_base64,10,10,
hgt,45,all_seq,matrix,XSS/event_handler_focus,10,10,
hgt,45,all_seq,matrix,XSS/svg_script_variant,10,10,
hgt,45,all_seq,test_split,all,2313,4215,
hgt,45,all_skip,matrix,Benign/field_query,0,10,
hgt,45,all_skip,matrix,Benign/header_field,0,10,
hgt,45,all_skip,matrix,Benign/json_field,0,10,
hgt,45,all_skip,matrix,SQLi/sql_new_commands,10,10,
hgt,45,all_skip,matrix,SQLi/comment_splitting,10,10,8.373756408691406
hgt,45,all_skip,matrix,SQLi/case_mixing,10,10,
hgt,45,all_skip,matrix,XSS/data_uri_base64,0,10,
hgt,45,all_skip,matrix,XSS/event_handler_focus,10,10,
hgt,45,all_skip,matrix,XSS/svg_script_variant,10,10,
hgt,45,all_skip,test_split,all,2645,4215,
hgt,45,all_sem,matrix,Benign/field_query,0,10,
hgt,45,all_sem,matrix,Benign/header_field,0,10,
hgt,45,all_sem,matrix,Benign/json_field,0,10,
hgt,45,all_sem,matrix,SQLi/sql_new_commands,10,10,
hgt,45,all_sem,matrix,SQLi/comment_splitting,10,10,16.93814468383789
hgt,45,all_sem,matrix,SQLi/case_mixing,10,10,
hgt,45,all_sem,matrix,XSS/data_uri_base64,0,10,
hgt,45,all_sem,matrix,XSS/event_handler_focus,0,10,
hgt,45,all_sem,matrix,XSS/svg_script_variant,0,10,
hgt,45,all_sem,test_split,all,1214,4215,
hgt,45,cyclic,matrix,Benign/field_query,0,10,
hgt,45,cyclic,matrix,Benign/header_field,0,10,
hgt,45,cyclic,matrix,Benign/json_field,0,10,
hgt,45,cyclic,matrix,SQLi/sql_new_commands,10,10,
hgt,45,cyclic,matrix,SQLi/comment_splitting,10,10,14.71888542175293
hgt,45,cyclic,matrix,SQLi/case_mixing,10,10,
hgt,45,cyclic,matrix,XSS/data_uri_base64,0,10,
hgt,45,cyclic,matrix,XSS/event_handler_focus,0,10,
hgt,45,cyclic,matrix,XSS/svg_script_variant,0,10,
hgt,45,cyclic,test_split,all,1214,4215,
hgt,45,swap_seq_skip,matrix,Benign/field_query,10,10,
hgt,45,swap_seq_skip,matrix,Benign/header_field,10,10,
hgt,45,swap_seq_skip,matrix,Benign/json_field,10,10,
hgt,45,swap_seq_skip,matrix,SQLi/sql_new_commands,10,10,
hgt,45,swap_seq_skip,matrix,SQLi/comment_splitting,10,10,6.292415618896484
hgt,45,swap_seq_skip,matrix,SQLi/case_mixing,10,10,
hgt,45,swap_seq_skip,matrix,XSS/data_uri_base64,10,10,
hgt,45,swap_seq_skip,matrix,XSS/event_handler_focus,10,10,
hgt,45,swap_seq_skip,matrix,XSS/svg_script_variant,10,10,
hgt,45,swap_seq_skip,test_split,all,4211,4215,
hgt,45,sem_as_seq,matrix,Benign/field_query,10,10,
hgt,45,sem_as_seq,matrix,Benign/header_field,10,10,
hgt,45,sem_as_seq,matrix,Benign/json_field,10,10,
hgt,45,sem_as_seq,matrix,SQLi/sql_new_commands,10,10,
hgt,45,sem_as_seq,matrix,SQLi/comment_splitting,0,10,-0.6530526876449585
hgt,45,sem_as_seq,matrix,SQLi/case_mixing,10,10,
hgt,45,sem_as_seq,matrix,XSS/data_uri_base64,10,10,
hgt,45,sem_as_seq,matrix,XSS/event_handler_focus,10,10,
hgt,45,sem_as_seq,matrix,XSS/svg_script_variant,10,10,
hgt,45,sem_as_seq,test_split,all,4207,4215,
hgt,45,sem_as_skip,matrix,Benign/field_query,10,10,
hgt,45,sem_as_skip,matrix,Benign/header_field,10,10,
hgt,45,sem_as_skip,matrix,Benign/json_field,10,10,
hgt,45,sem_as_skip,matrix,SQLi/sql_new_commands,10,10,
hgt,45,sem_as_skip,matrix,SQLi/comment_splitting,0,10,-0.8307870626449585
hgt,45,sem_as_skip,matrix,SQLi/case_mixing,10,10,
hgt,45,sem_as_skip,matrix,XSS/data_uri_base64,10,10,
hgt,45,sem_as_skip,matrix,XSS/event_handler_focus,10,10,
hgt,45,sem_as_skip,matrix,XSS/svg_script_variant,10,10,
hgt,45,sem_as_skip,test_split,all,4207,4215,
hgt,45,random,matrix,Benign/field_query,0,10,
hgt,45,random,matrix,Benign/header_field,0,10,
hgt,45,random,matrix,Benign/json_field,0,10,
hgt,45,random,matrix,SQLi/sql_new_commands,10,10,
hgt,45,random,matrix,SQLi/comment_splitting,10,10,6.57651424407959
hgt,45,random,matrix,SQLi/case_mixing,10,10,
hgt,45,random,matrix,XSS/data_uri_base64,10,10,
hgt,45,random,matrix,XSS/event_handler_focus,0,10,
hgt,45,random,matrix,XSS/svg_script_variant,10,10,
hgt,45,random,test_split,all,2224,4215,
hgt,45,drop_sem,matrix,Benign/field_query,10,10,
hgt,45,drop_sem,matrix,Benign/header_field,10,10,
hgt,45,drop_sem,matrix,Benign/json_field,10,10,
hgt,45,drop_sem,matrix,SQLi/sql_new_commands,10,10,
hgt,45,drop_sem,matrix,SQLi/comment_splitting,0,10,-0.5052957534790039
hgt,45,drop_sem,matrix,SQLi/case_mixing,10,10,
hgt,45,drop_sem,matrix,XSS/data_uri_base64,10,10,
hgt,45,drop_sem,matrix,XSS/event_handler_focus,10,10,
hgt,45,drop_sem,matrix,XSS/svg_script_variant,10,10,
hgt,45,drop_sem,test_split,all,4209,4215,
hgt,45,drop_skip,matrix,Benign/field_query,0,10,
hgt,45,drop_skip,matrix,Benign/header_field,0,10,
hgt,45,drop_skip,matrix,Benign/json_field,10,10,
hgt,45,drop_skip,matrix,SQLi/sql_new_commands,0,10,
hgt,45,drop_skip,matrix,SQLi/comment_splitting,0,10,-13.53028678894043
hgt,45,drop_skip,matrix,SQLi/case_mixing,0,10,
hgt,45,drop_skip,matrix,XSS/data_uri_base64,10,10,
hgt,45,drop_skip,matrix,XSS/event_handler_focus,10,10,
hgt,45,drop_skip,matrix,XSS/svg_script_variant,10,10,
hgt,45,drop_skip,test_split,all,2260,4215,
hgt,45,drop_seq,matrix,Benign/field_query,0,10,
hgt,45,drop_seq,matrix,Benign/header_field,0,10,
hgt,45,drop_seq,matrix,Benign/json_field,0,10,
hgt,45,drop_seq,matrix,SQLi/sql_new_commands,10,10,
hgt,45,drop_seq,matrix,SQLi/comment_splitting,10,10,16.23284912109375
hgt,45,drop_seq,matrix,SQLi/case_mixing,10,10,
hgt,45,drop_seq,matrix,XSS/data_uri_base64,0,10,
hgt,45,drop_seq,matrix,XSS/event_handler_focus,10,10,
hgt,45,drop_seq,matrix,XSS/svg_script_variant,10,10,
hgt,45,drop_seq,test_split,all,2802,4215,
hgt,46,real,matrix,Benign/field_query,10,10,
hgt,46,real,matrix,Benign/header_field,10,10,
hgt,46,real,matrix,Benign/json_field,10,10,
hgt,46,real,matrix,SQLi/sql_new_commands,10,10,
hgt,46,real,matrix,SQLi/comment_splitting,10,10,4.036231517791748
hgt,46,real,matrix,SQLi/case_mixing,10,10,
hgt,46,real,matrix,XSS/data_uri_base64,10,10,
hgt,46,real,matrix,XSS/event_handler_focus,10,10,
hgt,46,real,matrix,XSS/svg_script_variant,10,10,
hgt,46,real,test_split,all,4215,4215,
hgt,46,all_seq,matrix,Benign/field_query,0,10,
hgt,46,all_seq,matrix,Benign/header_field,0,10,
hgt,46,all_seq,matrix,Benign/json_field,10,10,
hgt,46,all_seq,matrix,SQLi/sql_new_commands,0,10,
hgt,46,all_seq,matrix,SQLi/comment_splitting,0,10,-7.56192684173584
hgt,46,all_seq,matrix,SQLi/case_mixing,0,10,
hgt,46,all_seq,matrix,XSS/data_uri_base64,10,10,
hgt,46,all_seq,matrix,XSS/event_handler_focus,10,10,
hgt,46,all_seq,matrix,XSS/svg_script_variant,10,10,
hgt,46,all_seq,test_split,all,1707,4215,
hgt,46,all_skip,matrix,Benign/field_query,10,10,
hgt,46,all_skip,matrix,Benign/header_field,10,10,
hgt,46,all_skip,matrix,Benign/json_field,10,10,
hgt,46,all_skip,matrix,SQLi/sql_new_commands,0,10,
hgt,46,all_skip,matrix,SQLi/comment_splitting,0,10,-7.233412742614746
hgt,46,all_skip,matrix,SQLi/case_mixing,0,10,
hgt,46,all_skip,matrix,XSS/data_uri_base64,10,10,
hgt,46,all_skip,matrix,XSS/event_handler_focus,10,10,
hgt,46,all_skip,matrix,XSS/svg_script_variant,10,10,
hgt,46,all_skip,test_split,all,4192,4215,
hgt,46,all_sem,matrix,Benign/field_query,0,10,
hgt,46,all_sem,matrix,Benign/header_field,0,10,
hgt,46,all_sem,matrix,Benign/json_field,0,10,
hgt,46,all_sem,matrix,SQLi/sql_new_commands,10,10,
hgt,46,all_sem,matrix,SQLi/comment_splitting,10,10,26.384048461914062
hgt,46,all_sem,matrix,SQLi/case_mixing,10,10,
hgt,46,all_sem,matrix,XSS/data_uri_base64,0,10,
hgt,46,all_sem,matrix,XSS/event_handler_focus,0,10,
hgt,46,all_sem,matrix,XSS/svg_script_variant,0,10,
hgt,46,all_sem,test_split,all,1214,4215,
hgt,46,cyclic,matrix,Benign/field_query,0,10,
hgt,46,cyclic,matrix,Benign/header_field,0,10,
hgt,46,cyclic,matrix,Benign/json_field,0,10,
hgt,46,cyclic,matrix,SQLi/sql_new_commands,10,10,
hgt,46,cyclic,matrix,SQLi/comment_splitting,10,10,16.399438858032227
hgt,46,cyclic,matrix,SQLi/case_mixing,10,10,
hgt,46,cyclic,matrix,XSS/data_uri_base64,0,10,
hgt,46,cyclic,matrix,XSS/event_handler_focus,0,10,
hgt,46,cyclic,matrix,XSS/svg_script_variant,0,10,
hgt,46,cyclic,test_split,all,1214,4215,
hgt,46,swap_seq_skip,matrix,Benign/field_query,10,10,
hgt,46,swap_seq_skip,matrix,Benign/header_field,10,10,
hgt,46,swap_seq_skip,matrix,Benign/json_field,10,10,
hgt,46,swap_seq_skip,matrix,SQLi/sql_new_commands,10,10,
hgt,46,swap_seq_skip,matrix,SQLi/comment_splitting,10,10,5.695926189422607
hgt,46,swap_seq_skip,matrix,SQLi/case_mixing,10,10,
hgt,46,swap_seq_skip,matrix,XSS/data_uri_base64,10,10,
hgt,46,swap_seq_skip,matrix,XSS/event_handler_focus,10,10,
hgt,46,swap_seq_skip,matrix,XSS/svg_script_variant,10,10,
hgt,46,swap_seq_skip,test_split,all,4212,4215,
hgt,46,sem_as_seq,matrix,Benign/field_query,10,10,
hgt,46,sem_as_seq,matrix,Benign/header_field,10,10,
hgt,46,sem_as_seq,matrix,Benign/json_field,10,10,
hgt,46,sem_as_seq,matrix,SQLi/sql_new_commands,10,10,
hgt,46,sem_as_seq,matrix,SQLi/comment_splitting,0,10,-4.421896934509277
hgt,46,sem_as_seq,matrix,SQLi/case_mixing,0,10,
hgt,46,sem_as_seq,matrix,XSS/data_uri_base64,10,10,
hgt,46,sem_as_seq,matrix,XSS/event_handler_focus,10,10,
hgt,46,sem_as_seq,matrix,XSS/svg_script_variant,10,10,
hgt,46,sem_as_seq,test_split,all,4214,4215,
hgt,46,sem_as_skip,matrix,Benign/field_query,10,10,
hgt,46,sem_as_skip,matrix,Benign/header_field,10,10,
hgt,46,sem_as_skip,matrix,Benign/json_field,10,10,
hgt,46,sem_as_skip,matrix,SQLi/sql_new_commands,10,10,
hgt,46,sem_as_skip,matrix,SQLi/comment_splitting,0,10,-4.81141996383667
hgt,46,sem_as_skip,matrix,SQLi/case_mixing,0,10,
hgt,46,sem_as_skip,matrix,XSS/data_uri_base64,10,10,
hgt,46,sem_as_skip,matrix,XSS/event_handler_focus,10,10,
hgt,46,sem_as_skip,matrix,XSS/svg_script_variant,10,10,
hgt,46,sem_as_skip,test_split,all,4214,4215,
hgt,46,random,matrix,Benign/field_query,0,10,
hgt,46,random,matrix,Benign/header_field,0,10,
hgt,46,random,matrix,Benign/json_field,0,10,
hgt,46,random,matrix,SQLi/sql_new_commands,10,10,
hgt,46,random,matrix,SQLi/comment_splitting,10,10,5.364006042480469
hgt,46,random,matrix,SQLi/case_mixing,10,10,
hgt,46,random,matrix,XSS/data_uri_base64,10,10,
hgt,46,random,matrix,XSS/event_handler_focus,0,10,
hgt,46,random,matrix,XSS/svg_script_variant,10,10,
hgt,46,random,test_split,all,2629,4215,
hgt,46,drop_sem,matrix,Benign/field_query,10,10,
hgt,46,drop_sem,matrix,Benign/header_field,10,10,
hgt,46,drop_sem,matrix,Benign/json_field,10,10,
hgt,46,drop_sem,matrix,SQLi/sql_new_commands,10,10,
hgt,46,drop_sem,matrix,SQLi/comment_splitting,0,10,-4.378985404968262
hgt,46,drop_sem,matrix,SQLi/case_mixing,0,10,
hgt,46,drop_sem,matrix,XSS/data_uri_base64,10,10,
hgt,46,drop_sem,matrix,XSS/event_handler_focus,10,10,
hgt,46,drop_sem,matrix,XSS/svg_script_variant,10,10,
hgt,46,drop_sem,test_split,all,4214,4215,
hgt,46,drop_skip,matrix,Benign/field_query,0,10,
hgt,46,drop_skip,matrix,Benign/header_field,0,10,
hgt,46,drop_skip,matrix,Benign/json_field,10,10,
hgt,46,drop_skip,matrix,SQLi/sql_new_commands,0,10,
hgt,46,drop_skip,matrix,SQLi/comment_splitting,0,10,-13.650280952453613
hgt,46,drop_skip,matrix,SQLi/case_mixing,0,10,
hgt,46,drop_skip,matrix,XSS/data_uri_base64,10,10,
hgt,46,drop_skip,matrix,XSS/event_handler_focus,10,10,
hgt,46,drop_skip,matrix,XSS/svg_script_variant,10,10,
hgt,46,drop_skip,test_split,all,2261,4215,
hgt,46,drop_seq,matrix,Benign/field_query,10,10,
hgt,46,drop_seq,matrix,Benign/header_field,10,10,
hgt,46,drop_seq,matrix,Benign/json_field,10,10,
hgt,46,drop_seq,matrix,SQLi/sql_new_commands,0,10,
hgt,46,drop_seq,matrix,SQLi/comment_splitting,10,10,3.9787826538085938
hgt,46,drop_seq,matrix,SQLi/case_mixing,10,10,
hgt,46,drop_seq,matrix,XSS/data_uri_base64,10,10,
hgt,46,drop_seq,matrix,XSS/event_handler_focus,10,10,
hgt,46,drop_seq,matrix,XSS/svg_script_variant,10,10,
hgt,46,drop_seq,test_split,all,4208,4215,
gatv2,42,real,matrix,Benign/field_query,10,10,
gatv2,42,real,matrix,Benign/header_field,10,10,
gatv2,42,real,matrix,Benign/json_field,10,10,
gatv2,42,real,matrix,SQLi/sql_new_commands,10,10,
gatv2,42,real,matrix,SQLi/comment_splitting,0,10,-1.3862892389297485
gatv2,42,real,matrix,SQLi/case_mixing,10,10,
gatv2,42,real,matrix,XSS/data_uri_base64,10,10,
gatv2,42,real,matrix,XSS/event_handler_focus,10,10,
gatv2,42,real,matrix,XSS/svg_script_variant,10,10,
gatv2,42,real,test_split,all,4215,4215,
gatv2,42,drop_sem,matrix,Benign/field_query,10,10,
gatv2,42,drop_sem,matrix,Benign/header_field,10,10,
gatv2,42,drop_sem,matrix,Benign/json_field,10,10,
gatv2,42,drop_sem,matrix,SQLi/sql_new_commands,10,10,
gatv2,42,drop_sem,matrix,SQLi/comment_splitting,0,10,-1.508726716041565
gatv2,42,drop_sem,matrix,SQLi/case_mixing,10,10,
gatv2,42,drop_sem,matrix,XSS/data_uri_base64,10,10,
gatv2,42,drop_sem,matrix,XSS/event_handler_focus,10,10,
gatv2,42,drop_sem,matrix,XSS/svg_script_variant,10,10,
gatv2,42,drop_sem,test_split,all,4215,4215,
gatv2,42,drop_skip,matrix,Benign/field_query,10,10,
gatv2,42,drop_skip,matrix,Benign/header_field,10,10,
gatv2,42,drop_skip,matrix,Benign/json_field,10,10,
gatv2,42,drop_skip,matrix,SQLi/sql_new_commands,10,10,
gatv2,42,drop_skip,matrix,SQLi/comment_splitting,0,10,-0.05206242948770523
gatv2,42,drop_skip,matrix,SQLi/case_mixing,10,10,
gatv2,42,drop_skip,matrix,XSS/data_uri_base64,10,10,
gatv2,42,drop_skip,matrix,XSS/event_handler_focus,10,10,
gatv2,42,drop_skip,matrix,XSS/svg_script_variant,10,10,
gatv2,42,drop_skip,test_split,all,4215,4215,
gatv2,42,drop_seq,matrix,Benign/field_query,10,10,
gatv2,42,drop_seq,matrix,Benign/header_field,10,10,
gatv2,42,drop_seq,matrix,Benign/json_field,10,10,
gatv2,42,drop_seq,matrix,SQLi/sql_new_commands,10,10,
gatv2,42,drop_seq,matrix,SQLi/comment_splitting,10,10,7.560595512390137
gatv2,42,drop_seq,matrix,SQLi/case_mixing,10,10,
gatv2,42,drop_seq,matrix,XSS/data_uri_base64,10,10,
gatv2,42,drop_seq,matrix,XSS/event_handler_focus,10,10,
gatv2,42,drop_seq,matrix,XSS/svg_script_variant,10,10,
gatv2,42,drop_seq,test_split,all,4211,4215,
gatv2,43,real,matrix,Benign/field_query,10,10,
gatv2,43,real,matrix,Benign/header_field,10,10,
gatv2,43,real,matrix,Benign/json_field,10,10,
gatv2,43,real,matrix,SQLi/sql_new_commands,10,10,
gatv2,43,real,matrix,SQLi/comment_splitting,0,10,-5.2696309089660645
gatv2,43,real,matrix,SQLi/case_mixing,10,10,
gatv2,43,real,matrix,XSS/data_uri_base64,10,10,
gatv2,43,real,matrix,XSS/event_handler_focus,10,10,
gatv2,43,real,matrix,XSS/svg_script_variant,10,10,
gatv2,43,real,test_split,all,4214,4215,
gatv2,43,drop_sem,matrix,Benign/field_query,10,10,
gatv2,43,drop_sem,matrix,Benign/header_field,10,10,
gatv2,43,drop_sem,matrix,Benign/json_field,10,10,
gatv2,43,drop_sem,matrix,SQLi/sql_new_commands,10,10,
gatv2,43,drop_sem,matrix,SQLi/comment_splitting,0,10,-5.392856597900391
gatv2,43,drop_sem,matrix,SQLi/case_mixing,0,10,
gatv2,43,drop_sem,matrix,XSS/data_uri_base64,10,10,
gatv2,43,drop_sem,matrix,XSS/event_handler_focus,10,10,
gatv2,43,drop_sem,matrix,XSS/svg_script_variant,10,10,
gatv2,43,drop_sem,test_split,all,4214,4215,
gatv2,43,drop_skip,matrix,Benign/field_query,10,10,
gatv2,43,drop_skip,matrix,Benign/header_field,10,10,
gatv2,43,drop_skip,matrix,Benign/json_field,10,10,
gatv2,43,drop_skip,matrix,SQLi/sql_new_commands,10,10,
gatv2,43,drop_skip,matrix,SQLi/comment_splitting,0,10,-4.7065653800964355
gatv2,43,drop_skip,matrix,SQLi/case_mixing,10,10,
gatv2,43,drop_skip,matrix,XSS/data_uri_base64,10,10,
gatv2,43,drop_skip,matrix,XSS/event_handler_focus,10,10,
gatv2,43,drop_skip,matrix,XSS/svg_script_variant,10,10,
gatv2,43,drop_skip,test_split,all,4213,4215,
gatv2,43,drop_seq,matrix,Benign/field_query,10,10,
gatv2,43,drop_seq,matrix,Benign/header_field,10,10,
gatv2,43,drop_seq,matrix,Benign/json_field,10,10,
gatv2,43,drop_seq,matrix,SQLi/sql_new_commands,10,10,
gatv2,43,drop_seq,matrix,SQLi/comment_splitting,10,10,0.9004495739936829
gatv2,43,drop_seq,matrix,SQLi/case_mixing,10,10,
gatv2,43,drop_seq,matrix,XSS/data_uri_base64,10,10,
gatv2,43,drop_seq,matrix,XSS/event_handler_focus,10,10,
gatv2,43,drop_seq,matrix,XSS/svg_script_variant,10,10,
gatv2,43,drop_seq,test_split,all,4212,4215,
gatv2,44,real,matrix,Benign/field_query,10,10,
gatv2,44,real,matrix,Benign/header_field,10,10,
gatv2,44,real,matrix,Benign/json_field,10,10,
gatv2,44,real,matrix,SQLi/sql_new_commands,10,10,
gatv2,44,real,matrix,SQLi/comment_splitting,0,10,-0.9761937856674194
gatv2,44,real,matrix,SQLi/case_mixing,10,10,
gatv2,44,real,matrix,XSS/data_uri_base64,0,10,
gatv2,44,real,matrix,XSS/event_handler_focus,10,10,
gatv2,44,real,matrix,XSS/svg_script_variant,10,10,
gatv2,44,real,test_split,all,4214,4215,
gatv2,44,drop_sem,matrix,Benign/field_query,10,10,
gatv2,44,drop_sem,matrix,Benign/header_field,10,10,
gatv2,44,drop_sem,matrix,Benign/json_field,10,10,
gatv2,44,drop_sem,matrix,SQLi/sql_new_commands,10,10,
gatv2,44,drop_sem,matrix,SQLi/comment_splitting,0,10,-1.0328876972198486
gatv2,44,drop_sem,matrix,SQLi/case_mixing,10,10,
gatv2,44,drop_sem,matrix,XSS/data_uri_base64,0,10,
gatv2,44,drop_sem,matrix,XSS/event_handler_focus,10,10,
gatv2,44,drop_sem,matrix,XSS/svg_script_variant,10,10,
gatv2,44,drop_sem,test_split,all,4214,4215,
gatv2,44,drop_skip,matrix,Benign/field_query,10,10,
gatv2,44,drop_skip,matrix,Benign/header_field,10,10,
gatv2,44,drop_skip,matrix,Benign/json_field,10,10,
gatv2,44,drop_skip,matrix,SQLi/sql_new_commands,10,10,
gatv2,44,drop_skip,matrix,SQLi/comment_splitting,10,10,0.4020530581474304
gatv2,44,drop_skip,matrix,SQLi/case_mixing,10,10,
gatv2,44,drop_skip,matrix,XSS/data_uri_base64,0,10,
gatv2,44,drop_skip,matrix,XSS/event_handler_focus,10,10,
gatv2,44,drop_skip,matrix,XSS/svg_script_variant,10,10,
gatv2,44,drop_skip,test_split,all,4214,4215,
gatv2,44,drop_seq,matrix,Benign/field_query,10,10,
gatv2,44,drop_seq,matrix,Benign/header_field,10,10,
gatv2,44,drop_seq,matrix,Benign/json_field,10,10,
gatv2,44,drop_seq,matrix,SQLi/sql_new_commands,10,10,
gatv2,44,drop_seq,matrix,SQLi/comment_splitting,10,10,7.0111799240112305
gatv2,44,drop_seq,matrix,SQLi/case_mixing,10,10,
gatv2,44,drop_seq,matrix,XSS/data_uri_base64,0,10,
gatv2,44,drop_seq,matrix,XSS/event_handler_focus,10,10,
gatv2,44,drop_seq,matrix,XSS/svg_script_variant,10,10,
gatv2,44,drop_seq,test_split,all,4214,4215,
gatv2,45,real,matrix,Benign/field_query,10,10,
gatv2,45,real,matrix,Benign/header_field,10,10,
gatv2,45,real,matrix,Benign/json_field,10,10,
gatv2,45,real,matrix,SQLi/sql_new_commands,10,10,
gatv2,45,real,matrix,SQLi/comment_splitting,0,10,-4.388083457946777
gatv2,45,real,matrix,SQLi/case_mixing,10,10,
gatv2,45,real,matrix,XSS/data_uri_base64,10,10,
gatv2,45,real,matrix,XSS/event_handler_focus,10,10,
gatv2,45,real,matrix,XSS/svg_script_variant,10,10,
gatv2,45,real,test_split,all,4214,4215,
gatv2,45,drop_sem,matrix,Benign/field_query,10,10,
gatv2,45,drop_sem,matrix,Benign/header_field,10,10,
gatv2,45,drop_sem,matrix,Benign/json_field,10,10,
gatv2,45,drop_sem,matrix,SQLi/sql_new_commands,10,10,
gatv2,45,drop_sem,matrix,SQLi/comment_splitting,0,10,-4.532005310058594
gatv2,45,drop_sem,matrix,SQLi/case_mixing,10,10,
gatv2,45,drop_sem,matrix,XSS/data_uri_base64,10,10,
gatv2,45,drop_sem,matrix,XSS/event_handler_focus,10,10,
gatv2,45,drop_sem,matrix,XSS/svg_script_variant,10,10,
gatv2,45,drop_sem,test_split,all,4214,4215,
gatv2,45,drop_skip,matrix,Benign/field_query,10,10,
gatv2,45,drop_skip,matrix,Benign/header_field,10,10,
gatv2,45,drop_skip,matrix,Benign/json_field,10,10,
gatv2,45,drop_skip,matrix,SQLi/sql_new_commands,10,10,
gatv2,45,drop_skip,matrix,SQLi/comment_splitting,0,10,-5.75412654876709
gatv2,45,drop_skip,matrix,SQLi/case_mixing,10,10,
gatv2,45,drop_skip,matrix,XSS/data_uri_base64,10,10,
gatv2,45,drop_skip,matrix,XSS/event_handler_focus,10,10,
gatv2,45,drop_skip,matrix,XSS/svg_script_variant,10,10,
gatv2,45,drop_skip,test_split,all,4214,4215,
gatv2,45,drop_seq,matrix,Benign/field_query,10,10,
gatv2,45,drop_seq,matrix,Benign/header_field,10,10,
gatv2,45,drop_seq,matrix,Benign/json_field,10,10,
gatv2,45,drop_seq,matrix,SQLi/sql_new_commands,10,10,
gatv2,45,drop_seq,matrix,SQLi/comment_splitting,10,10,1.6262390613555908
gatv2,45,drop_seq,matrix,SQLi/case_mixing,10,10,
gatv2,45,drop_seq,matrix,XSS/data_uri_base64,10,10,
gatv2,45,drop_seq,matrix,XSS/event_handler_focus,10,10,
gatv2,45,drop_seq,matrix,XSS/svg_script_variant,10,10,
gatv2,45,drop_seq,test_split,all,4214,4215,
gatv2,46,real,matrix,Benign/field_query,10,10,
gatv2,46,real,matrix,Benign/header_field,10,10,
gatv2,46,real,matrix,Benign/json_field,10,10,
gatv2,46,real,matrix,SQLi/sql_new_commands,10,10,
gatv2,46,real,matrix,SQLi/comment_splitting,0,10,-0.15740855038166046
gatv2,46,real,matrix,SQLi/case_mixing,10,10,
gatv2,46,real,matrix,XSS/data_uri_base64,10,10,
gatv2,46,real,matrix,XSS/event_handler_focus,10,10,
gatv2,46,real,matrix,XSS/svg_script_variant,10,10,
gatv2,46,real,test_split,all,4214,4215,
gatv2,46,drop_sem,matrix,Benign/field_query,10,10,
gatv2,46,drop_sem,matrix,Benign/header_field,10,10,
gatv2,46,drop_sem,matrix,Benign/json_field,10,10,
gatv2,46,drop_sem,matrix,SQLi/sql_new_commands,10,10,
gatv2,46,drop_sem,matrix,SQLi/comment_splitting,0,10,-0.21623468399047852
gatv2,46,drop_sem,matrix,SQLi/case_mixing,10,10,
gatv2,46,drop_sem,matrix,XSS/data_uri_base64,10,10,
gatv2,46,drop_sem,matrix,XSS/event_handler_focus,10,10,
gatv2,46,drop_sem,matrix,XSS/svg_script_variant,10,10,
gatv2,46,drop_sem,test_split,all,4214,4215,
gatv2,46,drop_skip,matrix,Benign/field_query,10,10,
gatv2,46,drop_skip,matrix,Benign/header_field,10,10,
gatv2,46,drop_skip,matrix,Benign/json_field,10,10,
gatv2,46,drop_skip,matrix,SQLi/sql_new_commands,10,10,
gatv2,46,drop_skip,matrix,SQLi/comment_splitting,0,10,-0.5393230319023132
gatv2,46,drop_skip,matrix,SQLi/case_mixing,10,10,
gatv2,46,drop_skip,matrix,XSS/data_uri_base64,10,10,
gatv2,46,drop_skip,matrix,XSS/event_handler_focus,10,10,
gatv2,46,drop_skip,matrix,XSS/svg_script_variant,10,10,
gatv2,46,drop_skip,test_split,all,4212,4215,
gatv2,46,drop_seq,matrix,Benign/field_query,10,10,
gatv2,46,drop_seq,matrix,Benign/header_field,10,10,
gatv2,46,drop_seq,matrix,Benign/json_field,10,10,
gatv2,46,drop_seq,matrix,SQLi/sql_new_commands,10,10,
gatv2,46,drop_seq,matrix,SQLi/comment_splitting,10,10,4.7760539054870605
gatv2,46,drop_seq,matrix,SQLi/case_mixing,10,10,
gatv2,46,drop_seq,matrix,XSS/data_uri_base64,10,10,
gatv2,46,drop_seq,matrix,XSS/event_handler_focus,10,10,
gatv2,46,drop_seq,matrix,XSS/svg_script_variant,10,10,
gatv2,46,drop_seq,test_split,all,4212,4215,
