method,old_acc_pct,old_f1,new_test_acc_s42_pct,n_seeds,new_test_acc_5s_mean_pct,delta_test_pp,heldout_cells_5s_mean,heldout_correct_5s_mean_of_90,ext_wf1_5s_mean,ext_wf1_5s_std
TextCNN,89.54,0.87,100.0,5.0,100.0,10.46,8.0,82.6,0.509,0.046
Bi-LSTM,91.2,0.89,100.0,5.0,100.0,8.8,6.8,71.4,0.444,0.079
Stack-LSTM,92.15,0.91,100.0,5.0,99.938,7.79,4.6,50.6,0.392,0.035
GCN,93.45,0.92,100.0,5.0,99.991,6.54,8.0,80.0,0.745,0.057
GraphSAGE,93.88,0.92,99.98,5.0,99.991,6.11,7.8,78.0,0.715,0.064
GIN,94.12,0.93,99.98,5.0,99.991,5.87,7.6,76.0,0.692,0.075
GATv2 (vanilla),95.3,0.94,,,,,,,,
HGT,95.87,0.95,100.0,5.0,99.991,4.12,9.0,90.0,0.535,0.218
Proposed (LOGWAT),97.84,0.98,100.0,5.0,99.981,2.14,7.8,78.0,0.796,0.03
